CONTRACT_ID,SUPPLIER_ID,CONTRACT_START,CONTRACT_END,CURRENCY,PAYMENT_TERMS,STATUS
CON-0001,SUP-0001,2025-01-24,2027-01-24,EUR,NET90,ACTIVE
CON-0002,SUP-0002,2025-11-09,2027-11-09,USD,NET90,ACTIVE
CON-0003,SUP-0003,2025-08-01,2027-08-01,EUR,NET90,ACTIVE
CON-0004,SUP-0004,2025-09-11,2027-09-11,GBP,NET45,ACTIVE
CON-0005,SUP-0005,2025-03-17,2027-03-17,USD,NET30,ACTIVE
CON-0006,SUP-0006,2026-02-03,2028-02-03,GBP,NET45,ACTIVE
CON-0007,SUP-0007,2025-04-01,2027-04-01,GBP,NET30,ACTIVE
CON-0008,SUP-0008,2025-10-13,2027-10-13,EUR,NET30,ACTIVE
CON-0009,SUP-0009,2025-08-22,2027-08-22,EUR,NET90,ACTIVE
CON-0010,SUP-0010,2025-12-08,2027-12-08,INR,NET90,ACTIVE
CON-0011,SUP-0011,2025-11-10,2027-11-10,GBP,NET90,ACTIVE
CON-0012,SUP-0012,2026-04-05,2028-04-04,EUR,NET90,ACTIVE
CON-0013,SUP-0013,2025-08-19,2027-08-19,INR,NET45,ACTIVE
CON-0014,SUP-0014,2026-03-07,2028-03-06,INR,NET90,ACTIVE
CON-0015,SUP-0015,2025-11-17,2027-11-17,EUR,NET60,ACTIVE
CON-0016,SUP-0016,2025-08-14,2027-08-14,USD,NET60,ACTIVE
CON-0017,SUP-0017,2025-05-01,2027-05-01,INR,NET60,ACTIVE
CON-0018,SUP-0018,2025-06-13,2027-06-13,USD,NET45,ACTIVE
CON-0019,SUP-0019,2025-03-19,2027-03-19,EUR,NET90,ACTIVE
CON-0020,SUP-0020,2025-12-22,2027-12-22,EUR,NET45,ACTIVE
CON-0021,SUP-0021,2025-02-02,2027-02-02,GBP,NET90,ACTIVE
CON-0022,SUP-0022,2025-06-19,2027-06-19,GBP,NET90,ACTIVE
CON-0023,SUP-0023,2025-02-01,2027-02-01,EUR,NET90,ACTIVE
CON-0024,SUP-0024,2025-07-19,2027-07-19,USD,NET90,ACTIVE
CON-0025,SUP-0025,2025-09-02,2027-09-02,USD,NET60,ACTIVE
CON-0026,SUP-0026,2025-06-02,2027-06-02,GBP,NET90,ACTIVE
CON-0027,SUP-0027,2025-10-03,2027-10-03,EUR,NET90,ACTIVE
CON-0028,SUP-0028,2025-04-23,2027-04-23,INR,NET90,ACTIVE
CON-0029,SUP-0029,2025-09-06,2027-09-06,USD,NET90,ACTIVE
CON-0030,SUP-0030,2025-06-22,2027-06-22,GBP,NET45,ACTIVE
CON-0031,SUP-0031,2026-03-07,2028-03-06,GBP,NET45,ACTIVE
CON-0032,SUP-0032,2025-11-15,2027-11-15,USD,NET90,ACTIVE
CON-0033,SUP-0033,2025-10-31,2027-10-31,USD,NET30,ACTIVE
CON-0034,SUP-0034,2025-11-26,2027-11-26,GBP,NET45,ACTIVE
CON-0035,SUP-0035,2026-03-20,2028-03-19,GBP,NET45,ACTIVE
CON-0036,SUP-0036,2025-01-26,2027-01-26,INR,NET90,ACTIVE
CON-0037,SUP-0037,2025-06-17,2027-06-17,EUR,NET90,ACTIVE
CON-0038,SUP-0038,2025-06-17,2027-06-17,INR,NET90,ACTIVE
CON-0039,SUP-0039,2025-05-23,2027-05-23,GBP,NET60,ACTIVE
CON-0040,SUP-0040,2026-03-04,2028-03-03,USD,NET90,ACTIVE
CON-0041,SUP-0041,2025-01-10,2027-01-10,USD,NET60,ACTIVE
CON-0042,SUP-0042,2025-04-25,2027-04-25,USD,NET30,ACTIVE
CON-0043,SUP-0043,2026-01-22,2028-01-22,USD,NET45,ACTIVE
CON-0044,SUP-0044,2025-04-13,2027-04-13,USD,NET45,ACTIVE
CON-0045,SUP-0045,2025-05-03,2027-05-03,EUR,NET90,ACTIVE
CON-0046,SUP-0046,2025-12-09,2027-12-09,USD,NET45,ACTIVE
CON-0047,SUP-0047,2025-08-27,2027-08-27,INR,NET60,ACTIVE
CON-0048,SUP-0048,2025-03-27,2027-03-27,USD,NET45,ACTIVE
CON-0049,SUP-0049,2026-05-09,2028-05-08,INR,NET30,ACTIVE
CON-0050,SUP-0050,2025-10-24,2027-10-24,USD,NET60,ACTIVE
CON-0051,SUP-0051,2025-10-22,2027-10-22,GBP,NET90,ACTIVE
CON-0052,SUP-0052,2026-04-28,2028-04-27,EUR,NET30,ACTIVE
CON-0053,SUP-0053,2025-10-31,2027-10-31,EUR,NET30,ACTIVE
CON-0054,SUP-0054,2025-12-23,2027-12-23,INR,NET30,ACTIVE
CON-0055,SUP-0055,2026-02-12,2028-02-12,USD,NET60,ACTIVE
CON-0056,SUP-0056,2025-09-30,2027-09-30,GBP,NET60,ACTIVE
CON-0057,SUP-0057,2025-02-05,2027-02-05,INR,NET30,ACTIVE
CON-0058,SUP-0058,2026-03-11,2028-03-10,GBP,NET90,ACTIVE
CON-0059,SUP-0059,2025-02-24,2027-02-24,GBP,NET60,ACTIVE
CON-0060,SUP-0060,2025-11-22,2027-11-22,GBP,NET45,ACTIVE
CON-0061,SUP-0061,2025-08-11,2027-08-11,EUR,NET60,ACTIVE
CON-0062,SUP-0062,2025-11-12,2027-11-12,GBP,NET90,ACTIVE
CON-0063,SUP-0063,2025-08-12,2027-08-12,INR,NET60,ACTIVE
CON-0064,SUP-0064,2026-03-13,2028-03-12,EUR,NET30,ACTIVE
CON-0065,SUP-0065,2025-05-23,2027-05-23,GBP,NET45,ACTIVE
CON-0066,SUP-0066,2026-01-20,2028-01-20,GBP,NET90,ACTIVE
CON-0067,SUP-0067,2025-06-22,2027-06-22,USD,NET90,ACTIVE
CON-0068,SUP-0068,2026-03-12,2028-03-11,INR,NET45,ACTIVE
CON-0069,SUP-0069,2025-09-07,2027-09-07,EUR,NET60,ACTIVE
CON-0070,SUP-0070,2026-02-13,2028-02-13,INR,NET60,ACTIVE
CON-0071,SUP-0071,2025-05-24,2027-05-24,INR,NET30,ACTIVE
CON-0072,SUP-0072,2025-09-22,2027-09-22,EUR,NET30,ACTIVE
CON-0073,SUP-0073,2025-05-04,2027-05-04,GBP,NET90,ACTIVE
CON-0074,SUP-0074,2025-10-12,2027-10-12,EUR,NET90,ACTIVE
CON-0075,SUP-0075,2025-11-27,2027-11-27,GBP,NET90,ACTIVE
CON-0076,SUP-0076,2026-02-10,2028-02-10,USD,NET30,ACTIVE
CON-0077,SUP-0077,2025-05-31,2027-05-31,EUR,NET90,ACTIVE
CON-0078,SUP-0078,2025-12-21,2027-12-21,EUR,NET60,ACTIVE
CON-0079,SUP-0079,2025-12-06,2027-12-06,INR,NET90,ACTIVE
CON-0080,SUP-0080,2025-10-11,2027-10-11,INR,NET90,ACTIVE
CON-0081,SUP-0081,2026-01-17,2028-01-17,INR,NET60,ACTIVE
CON-0082,SUP-0082,2025-12-26,2027-12-26,GBP,NET60,ACTIVE
CON-0083,SUP-0083,2025-06-06,2027-06-06,INR,NET45,ACTIVE
CON-0084,SUP-0084,2025-03-03,2027-03-03,EUR,NET60,ACTIVE
CON-0085,SUP-0085,2025-03-03,2027-03-03,EUR,NET45,ACTIVE
CON-0086,SUP-0086,2025-04-21,2027-04-21,GBP,NET60,ACTIVE
CON-0087,SUP-0087,2026-01-06,2028-01-06,INR,NET30,ACTIVE
CON-0088,SUP-0088,2026-03-03,2028-03-02,EUR,NET60,ACTIVE
CON-0089,SUP-0089,2025-04-27,2027-04-27,INR,NET45,ACTIVE
CON-0090,SUP-0090,2025-06-04,2027-06-04,USD,NET45,ACTIVE
CON-0091,SUP-0091,2025-05-21,2027-05-21,USD,NET30,ACTIVE
CON-0092,SUP-0092,2025-10-11,2027-10-11,INR,NET30,ACTIVE
CON-0093,SUP-0093,2025-11-23,2027-11-23,GBP,NET30,ACTIVE
CON-0094,SUP-0094,2026-03-23,2028-03-22,USD,NET60,ACTIVE
CON-0095,SUP-0095,2025-08-29,2027-08-29,GBP,NET90,ACTIVE
CON-0096,SUP-0096,2025-06-24,2027-06-24,EUR,NET30,ACTIVE
CON-0097,SUP-0097,2025-05-10,2027-05-10,GBP,NET30,ACTIVE
CON-0098,SUP-0098,2026-02-25,2028-02-25,USD,NET90,ACTIVE
CON-0099,SUP-0099,2025-09-09,2027-09-09,USD,NET30,ACTIVE
CON-0100,SUP-0100,2025-03-19,2027-03-19,EUR,NET60,ACTIVE
CON-0101,SUP-0101,2025-02-13,2027-02-13,EUR,NET30,ACTIVE
CON-0102,SUP-0102,2025-10-13,2027-10-13,GBP,NET45,ACTIVE
CON-0103,SUP-0103,2026-02-02,2028-02-02,GBP,NET90,ACTIVE
CON-0104,SUP-0104,2026-04-11,2028-04-10,GBP,NET60,ACTIVE
CON-0105,SUP-0105,2026-03-17,2028-03-16,GBP,NET60,ACTIVE
CON-0106,SUP-0106,2025-10-19,2027-10-19,USD,NET30,ACTIVE
CON-0107,SUP-0107,2026-05-01,2028-04-30,EUR,NET45,ACTIVE
CON-0108,SUP-0108,2025-05-16,2027-05-16,USD,NET45,ACTIVE
CON-0109,SUP-0109,2025-05-03,2027-05-03,EUR,NET30,ACTIVE
CON-0110,SUP-0110,2025-03-22,2027-03-22,USD,NET90,ACTIVE
CON-0111,SUP-0111,2025-08-19,2027-08-19,GBP,NET60,ACTIVE
CON-0112,SUP-0112,2025-01-17,2027-01-17,EUR,NET60,ACTIVE
CON-0113,SUP-0113,2025-12-28,2027-12-28,INR,NET90,ACTIVE
CON-0114,SUP-0114,2025-02-06,2027-02-06,EUR,NET60,ACTIVE
CON-0115,SUP-0115,2026-02-08,2028-02-08,EUR,NET90,ACTIVE
CON-0116,SUP-0116,2025-02-28,2027-02-28,EUR,NET45,ACTIVE
CON-0117,SUP-0117,2026-04-11,2028-04-10,INR,NET45,ACTIVE
CON-0118,SUP-0118,2025-02-06,2027-02-06,USD,NET45,ACTIVE
CON-0119,SUP-0119,2026-02-10,2028-02-10,INR,NET60,ACTIVE
CON-0120,SUP-0120,2025-08-13,2027-08-13,USD,NET90,ACTIVE
CON-0121,SUP-0089,2025-06-05,2027-06-05,GBP,NET60,ACTIVE
CON-0122,SUP-0065,2025-10-04,2027-10-04,GBP,NET90,ACTIVE
CON-0123,SUP-0011,2025-11-03,2027-11-03,USD,NET90,ACTIVE
CON-0124,SUP-0095,2025-06-15,2027-06-15,INR,NET30,ACTIVE
CON-0125,SUP-0012,2025-04-28,2027-04-28,USD,NET60,ACTIVE
CON-0126,SUP-0074,2025-01-21,2027-01-21,EUR,NET90,ACTIVE
CON-0127,SUP-0067,2025-11-30,2027-11-30,GBP,NET60,ACTIVE
CON-0128,SUP-0024,2025-10-27,2027-10-27,GBP,NET90,ACTIVE
CON-0129,SUP-0012,2025-08-29,2027-08-29,INR,NET90,ACTIVE
CON-0130,SUP-0043,2025-06-14,2027-06-14,USD,NET45,ACTIVE
CON-0131,SUP-0043,2025-07-30,2027-07-30,GBP,NET60,ACTIVE
CON-0132,SUP-0085,2026-04-29,2028-04-28,GBP,NET30,ACTIVE
CON-0133,SUP-0059,2025-02-15,2027-02-15,INR,NET60,ACTIVE
CON-0134,SUP-0042,2025-03-01,2027-03-01,GBP,NET30,ACTIVE
CON-0135,SUP-0085,2026-03-22,2028-03-21,GBP,NET90,ACTIVE
CON-0136,SUP-0007,2025-04-07,2027-04-07,INR,NET90,ACTIVE
CON-0137,SUP-0081,2025-08-15,2027-08-15,USD,NET45,ACTIVE
CON-0138,SUP-0035,2025-10-09,2027-10-09,EUR,NET60,ACTIVE
CON-0139,SUP-0057,2026-03-27,2028-03-26,GBP,NET30,ACTIVE
CON-0140,SUP-0004,2026-05-14,2028-05-13,EUR,NET45,ACTIVE
CON-0141,SUP-0040,2025-10-10,2027-10-10,USD,NET90,ACTIVE
CON-0142,SUP-0012,2025-04-26,2027-04-26,USD,NET90,ACTIVE
CON-0143,SUP-0016,2025-11-28,2027-11-28,EUR,NET90,ACTIVE
CON-0144,SUP-0120,2026-01-02,2028-01-02,INR,NET60,ACTIVE
CON-0145,SUP-0054,2026-03-04,2028-03-03,GBP,NET90,ACTIVE
CON-0146,SUP-0032,2025-08-22,2027-08-22,EUR,NET90,ACTIVE
CON-0147,SUP-0025,2026-04-17,2028-04-16,EUR,NET30,ACTIVE
CON-0148,SUP-0036,2026-01-31,2028-01-31,GBP,NET60,ACTIVE
CON-0149,SUP-0120,2026-02-08,2028-02-08,INR,NET30,ACTIVE
CON-0150,SUP-0037,2026-01-07,2028-01-07,INR,NET90,ACTIVE
